name,lastname,gender,birth,startdate
Daphnee,Farrell,Non-Conforming,1/1/1959,2/14/2001
Bernice,Heller,Non-Conforming,1/2/1959,2/15/2001
Brandyn,Gutmann,Non-Conforming,1/3/1959,2/16/2001
Allie,Kris,Non-Conforming,1/4/1959,2/17/2001
Oda,Olson,Non-Conforming,1/5/1959,2/18/2001
Wilfredo,Mayert,Non-Conforming,1/6/1959,2/19/2001
Erin,Reinger,Non-Conforming,1/7/1959,2/20/2001
Aurelio,Veum,Non-Conforming,1/8/1959,2/21/2001
Hannah,Bailey,Non-Conforming,1/9/1959,2/22/2001
Pierce,Johnson,Non-Conforming,1/10/1959,2/23/2001
Dennis,Gerhold,Non-Conforming,1/11/1959,2/24/2001
Emmie,Schroeder,Non-Conforming,1/12/1959,2/25/2001
Nannie,Zboncak,Non-Conforming,1/13/1959,2/26/2001
Annie,Medhurst,Non-Conforming,1/14/1959,2/27/2001
Alison,Hintz,Non-Conforming,1/15/1959,2/28/2001
Glenda,Heaney,Non-Conforming,1/16/1959,3/1/2001
Estelle,Feeney,Non-Conforming,1/17/1959,3/2/2001
Jimmy,Nader,Non-Conforming,1/18/1959,3/3/2001
Alda,Waters,Non-Conforming,1/19/1959,3/4/2001
Flavie,Mitchell,Non-Conforming,1/20/1959,3/5/2001
Krystina,Feest,Non-Conforming,1/21/1959,3/6/2001
Judson,McKenzie,Non-Conforming,1/22/1959,3/7/2001
Riley,Koepp,Non-Conforming,1/23/1959,3/8/2001
Alek,Davis,Non-Conforming,1/24/1959,3/9/2001
Rowan,Homenick,Non-Conforming,1/25/1959,3/10/2001
Felton,Cremin,Non-Conforming,1/26/1959,3/11/2001
Rebecca,Mante,Non-Conforming,1/27/1959,3/12/2001
Libby,Jacobs,Non-Conforming,1/28/1959,3/13/2001
Nathanial,Armstrong,Non-Conforming,1/29/1959,3/14/2001
Gabriel,Stark,Non-Conforming,1/30/1959,3/15/2001
Dayne,Boehm,Non-Conforming,1/31/1959,3/16/2001
Jared,Osinski,Non-Conforming,2/1/1959,3/17/2001
Leatha,Stracke,Non-Conforming,2/2/1959,3/18/2001
Lesly,Carroll,Non-Conforming,2/3/1959,3/19/2001
Jovany,Buckridge,Non-Conforming,2/4/1959,3/20/2001
Ralph,Stark,Non-Conforming,2/5/1959,3/21/2001
Cristina,Murphy,Non-Conforming,2/6/1959,3/22/2001
Zachariah,Schroeder,Non-Conforming,2/7/1959,3/23/2001
Neoma,Ernser,Non-Conforming,2/8/1959,3/24/2001
Caleigh,Torp,Non-Conforming,2/9/1959,3/25/2001
Wilbert,Kozey,Non-Conforming,2/10/1959,3/26/2001
Lindsey,Thiel,Non-Conforming,2/11/1959,3/27/2001
Mertie,O'Keefe,Non-Conforming,2/12/1959,3/28/2001
Marlin,Schneider,Non-Conforming,2/13/1959,3/29/2001
Maurice,Schuppe,Non-Conforming,2/14/1959,3/30/2001
Stacy,Stoltenberg,Non-Conforming,2/15/1959,3/31/2001
Tillman,Cormier,Non-Conforming,2/16/1959,4/1/2001
Lucio,Greenholt,Non-Conforming,2/17/1959,4/2/2001
Treva,Sauer,Non-Conforming,2/18/1959,4/3/2001
Jerry,Hodkiewicz,Non-Conforming,2/19/1959,4/4/2001
Rosamond,Satterfield,Non-Conforming,2/20/1959,4/5/2001
Bailey,Mayert,Non-Conforming,2/21/1959,4/6/2001
Reece,Goyette,Non-Conforming,2/22/1959,4/7/2001
Mayra,Reynolds,Non-Conforming,2/23/1959,4/8/2001
Titus,Marquardt,Non-Conforming,2/24/1959,4/9/2001
Samara,Denesik,Non-Conforming,2/25/1959,4/10/2001
Laurianne,Conroy,Non-Conforming,2/26/1959,4/11/2001
Garrick,Jacobs,Non-Conforming,2/27/1959,4/12/2001
Maeve,Nicolas,Non-Conforming,2/28/1959,4/13/2001
Frida,Mosciski,Non-Conforming,3/1/1959,4/14/2001
Carter,Dickens,Non-Conforming,3/2/1959,4/15/2001
Johanna,Daugherty,Non-Conforming,3/3/1959,4/16/2001
Lora,Hyatt,Non-Conforming,3/4/1959,4/17/2001
Kyra,Kuhn,Non-Conforming,3/5/1959,4/18/2001
Levi,Boyer,Non-Conforming,3/6/1959,4/19/2001
Kraig,Spencer,Non-Conforming,3/7/1959,4/20/2001
Pat,Wilkinson,Non-Conforming,3/8/1959,4/21/2001
Myrl,Luettgen,Non-Conforming,3/9/1959,4/22/2001
Helmer,Wolff,Non-Conforming,3/10/1959,4/23/2001
Delfina,Cole,Non-Conforming,3/11/1959,4/24/2001
Emanuel,Lang,Non-Conforming,3/12/1959,4/25/2001
Willie,McDermott,Non-Conforming,3/13/1959,4/26/2001
Fredrick,Reinger,Non-Conforming,3/14/1959,4/27/2001
Andreane,Jerde,Non-Conforming,3/15/1959,4/28/2001
Linwood,Koepp,Non-Conforming,3/16/1959,4/29/2001
Ethelyn,Stracke,Non-Conforming,3/17/1959,4/30/2001
Russell,Hammes,Non-Conforming,3/18/1959,5/1/2001
Mable,Rowe,Non-Conforming,3/19/1959,5/2/2001
Jasmin,Lang,Non-Conforming,3/20/1959,5/3/2001
Syble,Beer,Non-Conforming,3/21/1959,5/4/2001
Krista,Renner,Non-Conforming,3/22/1959,5/5/2001
Janelle,Miller,Non-Conforming,3/23/1959,5/6/2001
Penelope,Hand,Non-Conforming,3/24/1959,5/7/2001
Mable,Monahan,Non-Conforming,3/25/1959,5/8/2001
Reinhold,Emard,Non-Conforming,3/26/1959,5/9/2001
Amelie,Crooks,Non-Conforming,3/27/1959,5/10/2001
Jerrold,Ferry,Non-Conforming,3/28/1959,5/11/2001
Reid,Gutkowski,Non-Conforming,3/29/1959,5/12/2001
Jessy,Swift,Non-Conforming,3/30/1959,5/13/2001
Tia,Aufderhar,Non-Conforming,3/31/1959,5/14/2001
Daphnee,Zulauf,Non-Conforming,4/1/1959,5/15/2001
Kara,Howell,Non-Conforming,4/2/1959,5/16/2001
Jaron,Gaylord,Non-Conforming,4/3/1959,5/17/2001
Orin,O'Hara,Non-Conforming,4/4/1959,5/18/2001
Cielo,Ebert,Non-Conforming,4/5/1959,5/19/2001
Keon,Howe,Non-Conforming,4/6/1959,5/20/2001
Hilda,Goyette,Non-Conforming,4/7/1959,5/21/2001
Julie,Rogahn,Non-Conforming,4/8/1959,5/22/2001
Katelin,Hintz,Non-Conforming,4/9/1959,5/23/2001
Roman,Stehr,Non-Conforming,4/10/1959,5/24/2001
